{
  "tradeHistory": [
    {
      "id": "00ed51f6-f70c-42ec-8f4f-c2adbf34e415",
      "indicator": "easy_entry",
      "type": "slCross",
      "symbol": "BTCUSDT",
      "price": 97727.645,
      "quantity": 0.01,
      "leverage": 125,
      "stopLoss": null,
      "takeProfit": null,
      "targetPrice": null,
      "realTrade": true,
      "startTime": "2024-12-19T21:27:06.879Z",
      "endTime": "2024-12-19T22:17:07.018Z",
      "profit": -0.9772764500000001,
      "exitPrice": 97501.2525,
      "duration": 3000.139,
      "margin": 7.818211600000001,
      "percentProfit": -12.5,
      "fee": 0.9772764500000001,
      "percentFee": 12.5
    },
    {
      "id": "c64da061-71a8-4eb0-a31a-5a1324d57741",
      "indicator": "easy_entry",
      "type": "buy",
      "symbol": "BTCUSDT",
      "price": 97501.2525,
      "quantity": 0.01,
      "leverage": 125,
      "stopLoss": 97231.02,
      "takeProfit": null,
      "targetPrice": null,
      "realTrade": true,
      "startTime": "2024-12-19T22:17:07.057Z",
      "endTime": "2024-12-19T22:31:06.700Z",
      "profit": -0.06898752500006411,
      "exitPrice": 97591.855,
      "duration": 839.643,
      "margin": 7.800100200000001,
      "percentProfit": -0.8844440870139605,
      "fee": 0.9750125250000001,
      "percentFee": 12.5
    },
    {
      "id": "31b869d1-3f97-4264-99fa-10a85a318a7e",
      "indicator": "easy_entry",
      "type": "sell",
      "symbol": "BTCUSDT",
      "price": 97591.855,
      "quantity": 0.01,
      "leverage": 125,
      "stopLoss": 97770.91,
      "takeProfit": null,
      "targetPrice": 97770.91,
      "realTrade": true,
      "startTime": "2024-12-19T22:31:06.725Z",
      "endTime": "2024-12-19T22:43:07.158Z",
      "profit": -0.3212935500000582,
      "exitPrice": 97526.3925,
      "duration": 720.433,
      "margin": 7.8073483999999995,
      "percentProfit": -4.115271069497273,
      "fee": 0.97591855,
      "percentFee": 12.500000000000004
    },
    {
      "id": "42387bd0-d361-46f6-a6a2-ee58edcb3d90",
      "indicator": "easy_entry",
      "type": "tp_sell",
      "symbol": "BTCUSDT",
      "price": 97526.3925,
      "quantity": 0.01,
      "leverage": 125,
      "stopLoss": null,
      "takeProfit": null,
      "targetPrice": null,
      "realTrade": true,
      "startTime": "2024-12-19T22:43:07.181Z",
      "endTime": "2024-12-19T22:46:07.142Z",
      "profit": -0.9752639250000001,
      "exitPrice": 97750.4225,
      "duration": 179.961,
      "margin": 7.8021114,
      "percentProfit": -12.500000000000004,
      "fee": 0.9752639250000001,
      "percentFee": 12.500000000000004
    },
    {
      "id": "c010bd9f-d23d-4146-a073-7f95e496817b",
      "indicator": "easy_entry",
      "type": "buy",
      "symbol": "BTCUSDT",
      "price": 97750.4225,
      "quantity": 0.01,
      "leverage": 125,
      "stopLoss": 97403.91,
      "takeProfit": null,
      "targetPrice": null,
      "realTrade": true,
      "startTime": "2024-12-19T22:46:07.178Z",
      "endTime": "2024-12-19T23:01:06.721Z",
      "profit": 4.414520774999994,
      "exitPrice": 98289.625,
      "duration": 899.543,
      "margin": 7.8200338,
      "percentProfit": 56.45142831735579,
      "fee": 0.977504225,
      "percentFee": 12.5
    },
    {
      "id": "06191fe3-67a8-4cd6-b2c3-faeb3fb028cd",
      "indicator": "easy_entry",
      "type": "sell",
      "symbol": "BTCUSDT",
      "price": 98289.625,
      "quantity": 0.01,
      "leverage": 125,
      "stopLoss": 97673.14,
      "takeProfit": null,
      "targetPrice": 97673.14,
      "realTrade": true,
      "startTime": "2024-12-19T23:01:06.771Z",
      "endTime": "2024-12-21T18:59:06.006Z",
      "profit": 7.932653749999931,
      "exitPrice": 97398.07,
      "duration": 158279.235,
      "margin": 7.86317,
      "percentProfit": 100.8836607882054,
      "fee": 0.98289625,
      "percentFee": 12.5
    },
    {
      "id": "bb0a23d5-0fe4-4944-a065-e4a2e7f0d3e1",
      "indicator": "easy_entry",
      "type": "buy",
      "symbol": "BTCUSDT",
      "price": 97398.07,
      "quantity": 0.01,
      "leverage": 125,
      "stopLoss": 97336,
      "takeProfit": null,
      "targetPrice": null,
      "realTrade": true,
      "startTime": "2024-12-21T18:59:06.124Z",
      "endTime": "2024-12-21T19:02:05.718Z",
      "profit": -1.8042557000001107,
      "exitPrice": 97315.0425,
      "duration": 179.594,
      "margin": 7.7918456,
      "percentProfit": -23.15569112406579,
      "fee": 0.9739807000000001,
      "percentFee": 12.500000000000004
    },
    {
      "id": "d41d184e-e52a-4c42-b065-a138b66149eb",
      "indicator": "easy_entry",
      "type": "slCross",
      "symbol": "BTCUSDT",
      "price": 97315.0425,
      "quantity": 0.01,
      "leverage": 125,
      "stopLoss": null,
      "takeProfit": null,
      "targetPrice": null,
      "realTrade": true,
      "startTime": "2024-12-21T19:02:05.739Z",
      "endTime": "2024-12-21T19:03:05.304Z",
      "profit": -0.9731504249999999,
      "exitPrice": 97301.265,
      "duration": 59.565,
      "margin": 7.785203399999999,
      "percentProfit": -12.5,
      "fee": 0.9731504249999999,
      "percentFee": 12.5
    },
    {
      "id": "23fa9713-95ef-4381-900a-9864743ec7d9",
      "indicator": "easy_entry",
      "type": "sell",
      "symbol": "BTCUSDT",
      "price": 97301.265,
      "quantity": 0.01,
      "leverage": 125,
      "stopLoss": 97536,
      "takeProfit": null,
      "targetPrice": 97536,
      "realTrade": true,
      "startTime": "2024-12-21T19:03:05.329Z",
      "endTime": "2024-12-21T19:19:05.484Z",
      "profit": 1.712387349999936,
      "exitPrice": 97032.725,
      "duration": 960.155,
      "margin": 7.7841012,
      "percentProfit": 21.99852373450561,
      "fee": 0.97301265,
      "percentFee": 12.5
    },
    {
      "id": "69246b80-44e3-40e3-8d3e-892c3fe6c407",
      "indicator": "easy_entry",
      "type": "slCross",
      "symbol": "BTCUSDT",
      "price": 97032.725,
      "quantity": 0.01,
      "leverage": 125,
      "stopLoss": null,
      "takeProfit": null,
      "targetPrice": null,
      "realTrade": true,
      "startTime": "2024-12-21T19:19:05.523Z",
      "endTime": "2024-12-21T19:21:05.364Z",
      "profit": -0.9703272500000001,
      "exitPrice": 96988.9,
      "duration": 119.841,
      "margin": 7.762618000000001,
      "percentProfit": -12.5,
      "fee": 0.9703272500000001,
      "percentFee": 12.5
    },
    {
      "id": "304813cc-c10a-4d7c-b0a6-122dc8e2d320",
      "indicator": "easy_entry",
      "type": "buy",
      "symbol": "BTCUSDT",
      "price": 97032.725,
      "quantity": 0.01,
      "leverage": 125,
      "stopLoss": 97287.87,
      "takeProfit": null,
      "targetPrice": null,
      "realTrade": true,
      "startTime": "2024-12-21T19:19:05.544Z",
      "endTime": "2024-12-21T19:21:05.403Z",
      "profit": -1.4085772500001166,
      "exitPrice": 96988.9,
      "duration": 119.859,
      "margin": 7.762618000000001,
      "percentProfit": -18.14564686810708,
      "fee": 0.9703272500000001,
      "percentFee": 12.5
    },
    {
      "id": "c61e28a1-faa1-4814-832a-8f2e9288607e",
      "indicator": "easy_entry",
      "type": "sell",
      "symbol": "BTCUSDT",
      "price": 96988.9,
      "quantity": 0.01,
      "leverage": 125,
      "stopLoss": 97175.67,
      "takeProfit": null,
      "targetPrice": 97175.67,
      "realTrade": true,
      "startTime": "2024-12-21T19:21:05.424Z",
      "endTime": "2024-12-21T19:41:05.866Z",
      "profit": -0.5196140000000349,
      "exitPrice": 96943.8725,
      "duration": 1200.442,
      "margin": 7.759112,
      "percentProfit": -6.696823038513104,
      "fee": 0.969889,
      "percentFee": 12.5
    },
    {
      "id": "9e8b6e2c-2101-46ed-a7d4-fff5444d9860",
      "indicator": "easy_entry",
      "type": "sell",
      "symbol": "BTCUSDT",
      "price": 96922.7425,
      "quantity": 0.01,
      "leverage": 125,
      "stopLoss": 97162.15,
      "takeProfit": null,
      "targetPrice": 97162.15,
      "realTrade": true,
      "startTime": "2024-12-21T19:31:05.789Z",
      "endTime": "2024-12-21T19:41:05.893Z",
      "profit": -1.1805274250000464,
      "exitPrice": 96943.8725,
      "duration": 600.104,
      "margin": 7.753819399999999,
      "percentProfit": -15.225108609055898,
      "fee": 0.9692274249999999,
      "percentFee": 12.5
    },
    {
      "id": "4da14816-8125-46da-92ec-5d1d417c6ce9",
      "indicator": "easy_entry",
      "type": "buy",
      "symbol": "BTCUSDT",
      "price": 96943.8725,
      "quantity": 0.01,
      "leverage": 125,
      "stopLoss": 96843.14,
      "takeProfit": null,
      "targetPrice": null,
      "realTrade": true,
      "startTime": "2024-12-21T19:41:05.920Z",
      "endTime": "2024-12-21T19:50:05.457Z",
      "profit": -0.6962137249999067,
      "exitPrice": 96971.195,
      "duration": 539.537,
      "margin": 7.7555098,
      "percentProfit": -8.977020762708685,
      "fee": 0.969438725,
      "percentFee": 12.5
    },
    {
      "id": "85e81e12-87cc-4794-a3ff-2a97a7f5269e",
      "indicator": "easy_entry",
      "type": "sell",
      "symbol": "BTCUSDT",
      "price": 96971.195,
      "quantity": 0.01,
      "leverage": 125,
      "stopLoss": 97110.77,
      "takeProfit": null,
      "targetPrice": 97110.77,
      "realTrade": true,
      "startTime": "2024-12-21T19:50:05.523Z",
      "endTime": "2024-12-21T19:52:05.597Z",
      "profit": -1.7533869499999302,
      "exitPrice": 97049.5625,
      "duration": 120.074,
      "margin": 7.757695600000001,
      "percentProfit": -22.601904488233977,
      "fee": 0.9697119500000001,
      "percentFee": 12.5
    },
    {
      "id": "b9d486c8-744c-4ced-8066-98601028e0be",
      "indicator": "easy_entry",
      "type": "buy",
      "symbol": "BTCUSDT",
      "price": 97049.5625,
      "quantity": 0.01,
      "leverage": 125,
      "stopLoss": 96823.19,
      "takeProfit": null,
      "targetPrice": null,
      "realTrade": true,
      "startTime": "2024-12-21T19:52:05.623Z",
      "endTime": "2024-12-21T20:17:06.124Z",
      "profit": 5.816404375000023,
      "exitPrice": 97728.2525,
      "duration": 1500.501,
      "margin": 7.763965,
      "percentProfit": 74.91538633932564,
      "fee": 0.9704956250000001,
      "percentFee": 12.500000000000004
    },
    {
      "id": "3c3325ad-aeb1-47d9-adc3-3cc297874f95",
      "indicator": "easy_entry",
      "type": "sell",
      "symbol": "BTCUSDT",
      "price": 97728.2525,
      "quantity": 0.01,
      "leverage": 125,
      "stopLoss": 97110.77,
      "takeProfit": null,
      "targetPrice": 97110.77,
      "realTrade": true,
      "startTime": "2024-12-21T20:17:06.182Z",
      "endTime": "2024-12-21T21:00:06.295Z",
      "profit": 1.92404247500007,
      "exitPrice": 97438.12,
      "duration": 2580.113,
      "margin": 7.818260200000001,
      "percentProfit": 24.60959888492928,
      "fee": 0.9772825250000001,
      "percentFee": 12.5
    },
    {
      "id": "541718f5-e5f6-4634-bafe-24562a72d7e8",
      "indicator": "easy_entry",
      "type": "buy",
      "symbol": "BTCUSDT",
      "price": 97438.12,
      "quantity": 0.01,
      "leverage": 125,
      "stopLoss": 97355.99,
      "takeProfit": null,
      "targetPrice": null,
      "realTrade": true,
      "startTime": "2024-12-21T21:00:06.318Z",
      "endTime": "2024-12-21T21:08:06.621Z",
      "profit": -1.2263811999999708,
      "exitPrice": 97412.92,
      "duration": 480.303,
      "margin": 7.7950496,
      "percentProfit": -15.732820994493363,
      "fee": 0.9743812,
      "percentFee": 12.5
    },
    {
      "id": "47960979-ef77-4dde-b004-1cd2cc4a2b41",
      "indicator": "easy_entry",
      "type": "sell",
      "symbol": "BTCUSDT",
      "price": 97412.92,
      "quantity": 0.01,
      "leverage": 125,
      "stopLoss": 97540,
      "takeProfit": null,
      "targetPrice": 97540,
      "realTrade": true,
      "startTime": "2024-12-21T21:08:06.647Z",
      "endTime": "2024-12-21T21:28:06.198Z",
      "profit": 0.7782708000000523,
      "exitPrice": 97237.68,
      "duration": 1199.551,
      "margin": 7.793033599999999,
      "percentProfit": 9.986750217528286,
      "fee": 0.9741292,
      "percentFee": 12.500000000000004
    },
    {
      "id": "dcd4cbda-d6f0-4c07-97ad-ac05b940284d",
      "indicator": "easy_entry",
      "type": "buy",
      "symbol": "BTCUSDT",
      "price": 97237.68,
      "quantity": 0.01,
      "leverage": 125,
      "stopLoss": 97126.17,
      "takeProfit": null,
      "targetPrice": null,
      "realTrade": true,
      "startTime": "2024-12-21T21:28:06.235Z",
      "endTime": "2024-12-21T21:32:06.389Z",
      "profit": -1.1558517999998894,
      "exitPrice": 97219.3325,
      "duration": 240.154,
      "margin": 7.7790144,
      "percentProfit": -14.858589283494442,
      "fee": 0.9723768,
      "percentFee": 12.5
    },
    {
      "id": "01d55ae9-85d0-492e-9ae1-8b03290e523a",
      "indicator": "easy_entry",
      "type": "tp_buy",
      "symbol": "BTCUSDT",
      "price": 97219.3325,
      "quantity": 0.01,
      "leverage": 125,
      "stopLoss": null,
      "takeProfit": null,
      "targetPrice": null,
      "realTrade": true,
      "startTime": "2024-12-21T21:32:06.418Z",
      "endTime": "2024-12-21T21:38:06.265Z",
      "profit": -0.9721933250000001,
      "exitPrice": 97114.035,
      "duration": 359.847,
      "margin": 7.777546600000001,
      "percentProfit": -12.5,
      "fee": 0.9721933250000001,
      "percentFee": 12.5
    },
    {
      "id": "169fc43e-921c-4656-a2c6-37f6ab3a36b2",
      "indicator": "easy_entry",
      "type": "sell",
      "symbol": "BTCUSDT",
      "price": 97114.035,
      "quantity": 0.01,
      "leverage": 125,
      "stopLoss": 97283.14,
      "takeProfit": null,
      "targetPrice": 97283.14,
      "realTrade": true,
      "startTime": "2024-12-21T21:38:06.294Z",
      "endTime": "2024-12-21T21:56:06.340Z",
      "profit": 2.995659650000076,
      "exitPrice": 96717.355,
      "duration": 1080.046,
      "margin": 7.7691228,
      "percentProfit": 38.55853134410587,
      "fee": 0.97114035,
      "percentFee": 12.5
    },
    {
      "id": "7124044e-576e-4c02-bc90-d610efe35974",
      "indicator": "easy_entry",
      "type": "tp_sell",
      "symbol": "BTCUSDT",
      "price": 96717.355,
      "quantity": 0.01,
      "leverage": 125,
      "stopLoss": null,
      "takeProfit": null,
      "targetPrice": null,
      "realTrade": true,
      "startTime": "2024-12-21T21:56:06.382Z",
      "endTime": "2024-12-21T21:59:06.171Z",
      "profit": -0.96717355,
      "exitPrice": 96946.37,
      "duration": 179.79,
      "margin": 7.7373883999999995,
      "percentProfit": -12.500000000000004,
      "fee": 0.96717355,
      "percentFee": 12.500000000000004
    },
    {
      "id": "4c09834e-3a2d-4d89-b965-fb0cabb35272",
      "indicator": "easy_entry",
      "type": "buy",
      "symbol": "BTCUSDT",
      "price": 96946.37,
      "quantity": 0.01,
      "leverage": 125,
      "stopLoss": 96850.01,
      "takeProfit": null,
      "targetPrice": null,
      "realTrade": true,
      "startTime": "2024-12-21T21:59:06.235Z",
      "endTime": "2024-12-21T22:05:05.851Z",
      "profit": -2.2370386999999243,
      "exitPrice": 96819.6125,
      "duration": 359.616,
      "margin": 7.7557096,
      "percentProfit": -28.84376563041922,
      "fee": 0.9694637,
      "percentFee": 12.5
    },
    {
      "id": "bf6c3fe2-8af3-4d72-b25b-527fcc4a13e0",
      "indicator": "easy_entry",
      "type": "sell",
      "symbol": "BTCUSDT",
      "price": 96819.6125,
      "quantity": 0.01,
      "leverage": 125,
      "stopLoss": 97021.31,
      "takeProfit": null,
      "targetPrice": 97021.31,
      "realTrade": true,
      "startTime": "2024-12-21T22:05:05.873Z",
      "endTime": "2024-12-21T22:07:06.260Z",
      "profit": -1.840271125000041,
      "exitPrice": 96906.82,
      "duration": 120.387,
      "margin": 7.745569000000001,
      "percentProfit": -23.75901789784638,
      "fee": 0.9681961250000001,
      "percentFee": 12.5
    },
    {
      "id": "a9e445df-070e-410f-82f8-809257a94e89",
      "indicator": "easy_entry",
      "type": "buy",
      "symbol": "BTCUSDT",
      "price": 96906.82,
      "quantity": 0.01,
      "leverage": 125,
      "stopLoss": 96539.91,
      "takeProfit": null,
      "targetPrice": null,
      "realTrade": true,
      "startTime": "2024-12-21T22:07:06.284Z",
      "endTime": "2024-12-21T22:11:05.925Z",
      "profit": -2.1190432000001223,
      "exitPrice": 96791.8225,
      "duration": 239.641,
      "margin": 7.7525456,
      "percentProfit": -27.333514813510057,
      "fee": 0.9690682,
      "percentFee": 12.5
    },
    {
      "id": "4601736c-88f4-476f-af71-997ded83de24",
      "indicator": "easy_entry",
      "type": "sell",
      "symbol": "BTCUSDT",
      "price": 96791.8225,
      "quantity": 0.01,
      "leverage": 125,
      "stopLoss": 97021.31,
      "takeProfit": null,
      "targetPrice": 97021.31,
      "realTrade": true,
      "startTime": "2024-12-21T22:11:05.951Z",
      "endTime": "2024-12-21T22:19:05.967Z",
      "profit": -2.842443224999994,
      "exitPrice": 96979.275,
      "duration": 480.016,
      "margin": 7.7433458,
      "percentProfit": -36.70820467555503,
      "fee": 0.967918225,
      "percentFee": 12.5
    },
    {
      "id": "05125feb-5986-47dc-8ebf-d22d1f2faf76",
      "indicator": "easy_entry",
      "type": "buy",
      "symbol": "BTCUSDT",
      "price": 96979.275,
      "quantity": 0.01,
      "leverage": 125,
      "stopLoss": 96624,
      "takeProfit": null,
      "targetPrice": null,
      "realTrade": true,
      "startTime": "2024-12-21T22:19:06.043Z",
      "endTime": "2024-12-21T22:32:06.486Z",
      "profit": -0.2699427499999941,
      "exitPrice": 97049.26,
      "duration": 780.443,
      "margin": 7.758342,
      "percentProfit": -3.479387090695333,
      "fee": 0.96979275,
      "percentFee": 12.5
    },
    {
      "id": "808a8ce7-37a7-431c-977f-ca0a967631f2",
      "indicator": "easy_entry",
      "type": "sell",
      "symbol": "BTCUSDT",
      "price": 97049.26,
      "quantity": 0.01,
      "leverage": 125,
      "stopLoss": 97021.31,
      "takeProfit": null,
      "targetPrice": 97021.31,
      "realTrade": true,
      "startTime": "2024-12-21T22:32:06.524Z",
      "endTime": "2024-12-21T22:43:06.432Z",
      "profit": -3.366092600000122,
      "exitPrice": 97288.82,
      "duration": 659.908,
      "margin": 7.763940799999999,
      "percentProfit": -43.35546453419792,
      "fee": 0.9704925999999999,
      "percentFee": 12.5
    },
    {
      "id": "9af3f0b2-0aa1-4d51-8066-82b4f816a49b",
      "indicator": "easy_entry",
      "type": "buy",
      "symbol": "BTCUSDT",
      "price": 97288.82,
      "quantity": 0.01,
      "leverage": 125,
      "stopLoss": 96953.84,
      "takeProfit": null,
      "targetPrice": null,
      "realTrade": true,
      "startTime": "2024-12-21T22:43:06.456Z",
      "endTime": "2024-12-21T22:50:06.718Z",
      "profit": -0.2197882000000233,
      "exitPrice": 97364.13,
      "duration": 420.262,
      "margin": 7.783105600000001,
      "percentProfit": -2.8239138885642676,
      "fee": 0.9728882000000001,
      "percentFee": 12.5
    },
    {
      "id": "2b88299e-fb26-4c9f-946d-75c15c25ffdb",
      "indicator": "easy_entry",
      "type": "sell",
      "symbol": "BTCUSDT",
      "price": 97364.13,
      "quantity": 0.01,
      "leverage": 125,
      "stopLoss": 97399.99,
      "takeProfit": null,
      "targetPrice": 97399.99,
      "realTrade": true,
      "startTime": "2024-12-21T22:50:06.742Z",
      "endTime": "2024-12-21T23:10:06.668Z",
      "profit": 3.118333700000093,
      "exitPrice": 96954.9325,
      "duration": 1199.926,
      "margin": 7.789130400000001,
      "percentProfit": 40.034426692870525,
      "fee": 0.9736413000000002,
      "percentFee": 12.5
    },
    {
      "id": "3e3f44b4-7a82-43d8-9748-5ca8dc29f7dd",
      "indicator": "easy_entry",
      "type": "tp_sell",
      "symbol": "BTCUSDT",
      "price": 96954.9325,
      "quantity": 0.01,
      "leverage": 125,
      "stopLoss": null,
      "takeProfit": null,
      "targetPrice": null,
      "realTrade": true,
      "startTime": "2024-12-21T23:10:06.766Z",
      "endTime": "2024-12-21T23:15:06.740Z",
      "profit": -0.969549325,
      "exitPrice": 97127.15,
      "duration": 299.974,
      "margin": 7.756394599999999,
      "percentProfit": -12.500000000000004,
      "fee": 0.969549325,
      "percentFee": 12.500000000000004
    },
    {
      "id": "c39b18bd-1129-4ffe-b73c-30359e7049e6",
      "indicator": "easy_entry",
      "type": "buy",
      "symbol": "BTCUSDT",
      "price": 97127.15,
      "quantity": 0.01,
      "leverage": 125,
      "stopLoss": 96900,
      "takeProfit": null,
      "targetPrice": null,
      "realTrade": true,
      "startTime": "2024-12-21T23:15:06.880Z",
      "endTime": "2024-12-22T22:12:08.438Z",
      "profit": -28.0300215,
      "exitPrice": 94421.275,
      "duration": 82621.558,
      "margin": 7.770172,
      "percentProfit": -360.73875198644254,
      "fee": 0.9712715,
      "percentFee": 12.5
    },
    {
      "id": "03fc6945-60ce-4784-b18f-57092c602ef9",
      "indicator": "easy_entry",
      "type": "tp_sell",
      "symbol": "BTCUSDT",
      "price": 94421.275,
      "quantity": 0.01,
      "leverage": 125,
      "stopLoss": null,
      "takeProfit": null,
      "targetPrice": null,
      "realTrade": true,
      "startTime": "2024-12-22T22:12:08.483Z",
      "endTime": "2024-12-22T22:16:08.504Z",
      "profit": -0.9442127499999999,
      "exitPrice": 94831.4575,
      "duration": 240.021,
      "margin": 7.5537019999999995,
      "percentProfit": -12.5,
      "fee": 0.9442127499999999,
      "percentFee": 12.5
    },
    {
      "id": "a4de23aa-cb66-48ce-b6e2-ec4aadedf56b",
      "indicator": "easy_entry",
      "type": "buy",
      "symbol": "BTCUSDT",
      "price": 94831.4575,
      "quantity": 0.01,
      "leverage": 125,
      "stopLoss": 94250.35,
      "takeProfit": null,
      "targetPrice": null,
      "realTrade": true,
      "startTime": "2024-12-22T22:16:08.567Z",
      "endTime": "2024-12-22T22:27:07.796Z",
      "profit": 0.8804104249999767,
      "exitPrice": 95014.33,
      "duration": 659.229,
      "margin": 7.586516600000001,
      "percentProfit": 11.604936381474161,
      "fee": 0.9483145750000002,
      "percentFee": 12.5
    },
    {
      "id": "7de49a1d-d8a9-48c1-a158-908ad300fed9",
      "indicator": "easy_entry",
      "type": "tp_buy",
      "symbol": "BTCUSDT",
      "price": 95014.33,
      "quantity": 0.01,
      "leverage": 125,
      "stopLoss": null,
      "takeProfit": null,
      "targetPrice": null,
      "realTrade": true,
      "startTime": "2024-12-22T22:27:07.872Z",
      "endTime": "2024-12-22T22:28:08.077Z",
      "profit": -0.9501433000000001,
      "exitPrice": 94932.215,
      "duration": 60.205,
      "margin": 7.6011464,
      "percentProfit": -12.500000000000004,
      "fee": 0.9501433000000001,
      "percentFee": 12.500000000000004
    },
    {
      "id": "5d64fc46-da49-44ad-a5e6-814d52d9ad3f",
      "indicator": "easy_entry",
      "type": "sell",
      "symbol": "BTCUSDT",
      "price": 94932.215,
      "quantity": 0.01,
      "leverage": 125,
      "stopLoss": 95227.99,
      "takeProfit": null,
      "targetPrice": 95227.99,
      "realTrade": true,
      "startTime": "2024-12-22T22:28:08.105Z",
      "endTime": "2024-12-22T22:33:08.090Z",
      "profit": -4.0260471500000055,
      "exitPrice": 95239.8875,
      "duration": 299.985,
      "margin": 7.5945772,
      "percentProfit": -53.01213015518501,
      "fee": 0.94932215,
      "percentFee": 12.5
    },
    {
      "id": "13c2a56a-5c2b-47c5-9083-c750814d342e",
      "indicator": "easy_entry",
      "type": "buy",
      "symbol": "BTCUSDT",
      "price": 95239.8875,
      "quantity": 0.01,
      "leverage": 125,
      "stopLoss": 94826.34,
      "takeProfit": null,
      "targetPrice": null,
      "realTrade": true,
      "startTime": "2024-12-22T22:33:08.117Z",
      "endTime": "2024-12-22T22:42:07.715Z",
      "profit": -1.1389488749999883,
      "exitPrice": 95221.2325,
      "duration": 539.598,
      "margin": 7.619191,
      "percentProfit": -14.948422673745657,
      "fee": 0.952398875,
      "percentFee": 12.5
    },
    {
      "id": "546e5c7a-0ebf-4935-aff4-0c21afa1310b",
      "indicator": "easy_entry",
      "type": "sell",
      "symbol": "BTCUSDT",
      "price": 95221.2325,
      "quantity": 0.01,
      "leverage": 125,
      "stopLoss": 95376,
      "takeProfit": null,
      "targetPrice": 95376,
      "realTrade": true,
      "startTime": "2024-12-22T22:42:07.788Z",
      "endTime": "2024-12-22T22:55:07.904Z",
      "profit": -2.4803623250000233,
      "exitPrice": 95374.0475,
      "duration": 780.116,
      "margin": 7.6176986,
      "percentProfit": -32.5605206407093,
      "fee": 0.952212325,
      "percentFee": 12.5
    },
    {
      "id": "88aec9ee-ed21-43dd-bda7-3d60fc9d9771",
      "indicator": "easy_entry",
      "type": "tp_sell",
      "symbol": "BTCUSDT",
      "price": 95374.0475,
      "quantity": 0.01,
      "leverage": 125,
      "stopLoss": null,
      "takeProfit": null,
      "targetPrice": null,
      "realTrade": true,
      "startTime": "2024-12-22T22:55:07.931Z",
      "endTime": "2024-12-22T22:56:08.138Z",
      "profit": -0.953740475,
      "exitPrice": 95421.55,
      "duration": 60.207,
      "margin": 7.6299238,
      "percentProfit": -12.5,
      "fee": 0.953740475,
      "percentFee": 12.5
    },
    {
      "id": "7e866985-ed22-460f-8a42-52c675af2050",
      "indicator": "easy_entry",
      "type": "buy",
      "symbol": "BTCUSDT",
      "price": 95421.55,
      "quantity": 0.01,
      "leverage": 125,
      "stopLoss": 95144.59,
      "takeProfit": null,
      "targetPrice": null,
      "realTrade": true,
      "startTime": "2024-12-22T22:56:08.165Z",
      "endTime": "2024-12-22T23:02:07.896Z",
      "profit": -1.2533655000000814,
      "exitPrice": 95391.635,
      "duration": 359.731,
      "margin": 7.633724,
      "percentProfit": -16.418795073021784,
      "fee": 0.9542155,
      "percentFee": 12.5
    },
    {
      "id": "f73ee088-daef-4b6a-a22f-bf5913091257",
      "indicator": "easy_entry",
      "type": "sell",
      "symbol": "BTCUSDT",
      "price": 95391.635,
      "quantity": 0.01,
      "leverage": 125,
      "stopLoss": 95376,
      "takeProfit": null,
      "targetPrice": 95376,
      "realTrade": true,
      "startTime": "2024-12-22T23:02:07.937Z",
      "endTime": null,
      "profit": null,
      "exitPrice": null,
      "duration": null,
      "margin": null,
      "percentProfit": null,
      "fee": null,
      "percentFee": null
    },
    {
      "id": "bf7b4be2-8481-40cf-bb3e-0038d60ffa5e",
      "indicator": "easy_entry",
      "type": "sell",
      "symbol": "BTCUSDT",
      "price": 95606.0025,
      "quantity": 0.01,
      "leverage": 125,
      "stopLoss": 95640,
      "takeProfit": null,
      "targetPrice": 95640,
      "realTrade": true,
      "startTime": "2024-12-22T23:11:08.286Z",
      "endTime": null,
      "profit": null,
      "exitPrice": null,
      "duration": null,
      "margin": null,
      "percentProfit": null,
      "fee": null,
      "percentFee": null
    }
  ],
  "statistics": {
    "totalTrades": 43,
    "wins": 9,
    "losses": 34,
    "winRate": 20.930232558139537,
    "totalProfit": -40.038801750000296,
    "avgWin": 3.2858537000000165,
    "avgLoss": -2.0473966191176602,
    "totalPercentProfit": -520.3319666847755,
    "avgPercentProfit": -12.100743411273848,
    "avgDuration": 6478.518365853659,
    "totalFees": 39.68895174999998,
    "avgFee": 0.9229988779069763
  }
}
