{
  "tradeHistory": [
    {
      "id": "bce80405-8325-46e9-aa86-76208fe9f86e",
      "indicator": "eci_longE",
      "type": "buy",
      "symbol": "BTCUSDT",
      "price": 105111.08,
      "quantity": 0.01189218110973648,
      "leverage": 125,
      "stopLoss": null,
      "takeProfit": null,
      "realTrade": true,
      "startTime": "2025-01-19T21:27:06.618Z",
      "endTime": "2025-01-19T21:32:21.857Z",
      "profit": -7.0659637404544045,
      "exitPrice": 104601,
      "duration": 315.239,
      "margin": 10,
      "percentProfit": -70.65963740454404,
      "fee": 1,
      "percentFee": 10,
      "balanceBefore": 100,
      "balanceAfter": 92.93403625954559
    },
    {
      "id": "09b29335-47c4-4d5c-993a-9e5f55bd9f70",
      "indicator": "eci_longE",
      "type": "buy",
      "symbol": "BTCUSDT",
      "price": 104820.03,
      "quantity": 0.011925201700476522,
      "leverage": 125,
      "stopLoss": null,
      "takeProfit": null,
      "realTrade": true,
      "startTime": "2025-01-19T21:28:13.734Z",
      "endTime": "2025-01-19T21:32:21.942Z",
      "profit": -3.6119769284553587,
      "exitPrice": 104601,
      "duration": 248.208,
      "margin": 10,
      "percentProfit": -36.11976928455359,
      "fee": 1,
      "percentFee": 10,
      "balanceBefore": 100,
      "balanceAfter": 89.32205933109023
    },
    {
      "id": "fa171a00-09c7-4af8-a704-d001571f7815",
      "indicator": "eci_longE",
      "type": "buy",
      "symbol": "BTCUSDT",
      "price": 104641.26,
      "quantity": 0.011945574814370545,
      "leverage": 125,
      "stopLoss": null,
      "takeProfit": null,
      "realTrade": true,
      "startTime": "2025-01-19T21:29:09.869Z",
      "endTime": "2025-01-19T21:32:22.033Z",
      "profit": -1.4809288420264957,
      "exitPrice": 104601,
      "duration": 192.164,
      "margin": 10,
      "percentProfit": -14.809288420264958,
      "fee": 1,
      "percentFee": 10,
      "balanceBefore": 100,
      "balanceAfter": 87.84113048906373
    },
    {
      "id": "eb661583-9a01-4ee8-b47e-01cbd25e421d",
      "indicator": "eci_longE",
      "type": "buy",
      "symbol": "BTCUSDT",
      "price": 104571.43,
      "quantity": 0.01195355174926842,
      "leverage": 125,
      "stopLoss": null,
      "takeProfit": null,
      "realTrade": true,
      "startTime": "2025-01-19T21:30:08.869Z",
      "endTime": "2025-01-19T21:32:22.110Z",
      "profit": -0.6465334747740493,
      "exitPrice": 104601,
      "duration": 133.241,
      "margin": 10,
      "percentProfit": -6.465334747740494,
      "fee": 1,
      "percentFee": 10,
      "balanceBefore": 100,
      "balanceAfter": 87.19459701428968
    },
    {
      "id": "c11e0a06-6543-455c-87f5-0a5239fb8bb6",
      "indicator": "eci_longE",
      "type": "buy",
      "symbol": "BTCUSDT",
      "price": 104767.6,
      "quantity": 0.011931169560054826,
      "leverage": 125,
      "stopLoss": null,
      "takeProfit": null,
      "realTrade": true,
      "startTime": "2025-01-19T21:31:20.416Z",
      "endTime": "2025-01-19T21:32:22.172Z",
      "profit": -2.9877328487052033,
      "exitPrice": 104601,
      "duration": 61.756,
      "margin": 10,
      "percentProfit": -29.877328487052036,
      "fee": 1,
      "percentFee": 10,
      "balanceBefore": 100,
      "balanceAfter": 84.20686416558448
    },
    {
      "id": "f8d7ecd3-b14f-4feb-b692-a5de3287692b",
      "indicator": "eci_longE",
      "type": "buy",
      "symbol": "BTCUSDT",
      "price": 104498.14,
      "quantity": 0.010072770693045886,
      "leverage": 125,
      "stopLoss": null,
      "takeProfit": null,
      "realTrade": true,
      "startTime": "2025-01-19T21:32:38.784Z",
      "endTime": "2025-01-19T21:32:54.917Z",
      "profit": -1.4472407048940594,
      "exitPrice": 104438.06,
      "duration": 16.133,
      "margin": 8.420686416558448,
      "percentProfit": -17.186730787744374,
      "fee": 0.8420686416558448,
      "percentFee": 10,
      "balanceBefore": 84.20686416558448,
      "balanceAfter": 82.75962346069042
    },
    {
      "id": "9494df7f-f2fd-4e6c-a3b9-949690b5e6f0",
      "indicator": "eci_longE",
      "type": "buy",
      "symbol": "BTCUSDT",
      "price": 104713.16,
      "quantity": 0.009879324559192276,
      "leverage": 125,
      "stopLoss": null,
      "takeProfit": null,
      "realTrade": true,
      "startTime": "2025-01-19T21:33:30.820Z",
      "endTime": "2025-01-19T21:37:35.161Z",
      "profit": 1.1259414037276843,
      "exitPrice": 104910.9,
      "duration": 244.341,
      "margin": 8.275962346069042,
      "percentProfit": 13.604960446231242,
      "fee": 0.8275962346069042,
      "percentFee": 10,
      "balanceBefore": 82.75962346069042,
      "balanceAfter": 83.8855648644181
    },
    {
      "id": "1713e828-458b-4175-9e5b-41a80f075f00",
      "indicator": "eci_longE",
      "type": "buy",
      "symbol": "BTCUSDT",
      "price": 104538.65,
      "quantity": 0.009895816458875549,
      "leverage": 125,
      "stopLoss": null,
      "takeProfit": null,
      "realTrade": true,
      "startTime": "2025-01-19T21:34:36.723Z",
      "endTime": "2025-01-19T21:37:35.240Z",
      "profit": 2.8561214422095187,
      "exitPrice": 104910.9,
      "duration": 178.517,
      "margin": 8.275962346069042,
      "percentProfit": 34.511049262641144,
      "fee": 0.8275962346069042,
      "percentFee": 10,
      "balanceBefore": 82.75962346069042,
      "balanceAfter": 86.74168630662761
    },
    {
      "id": "0d483c01-73a8-4367-b9c2-62eb98d2d662",
      "indicator": "eci_longE",
      "type": "buy",
      "symbol": "BTCUSDT",
      "price": 104864.75,
      "quantity": 0.009865043241495643,
      "leverage": 125,
      "stopLoss": null,
      "takeProfit": null,
      "realTrade": true,
      "startTime": "2025-01-19T21:35:40.867Z",
      "endTime": "2025-01-19T21:37:35.326Z",
      "profit": -0.3723244890119377,
      "exitPrice": 104910.9,
      "duration": 114.459,
      "margin": 8.275962346069042,
      "percentProfit": -4.498866396954866,
      "fee": 0.8275962346069042,
      "percentFee": 10,
      "balanceBefore": 82.75962346069042,
      "balanceAfter": 86.36936181761567
    },
    {
      "id": "0555da4a-53b8-470e-abe7-6ef6d7cb359f",
      "indicator": "eci_longE",
      "type": "buy",
      "symbol": "BTCUSDT",
      "price": 104903.29,
      "quantity": 0.009861418962728722,
      "leverage": 125,
      "stopLoss": null,
      "takeProfit": null,
      "realTrade": true,
      "startTime": "2025-01-19T21:36:50.541Z",
      "endTime": "2025-01-19T21:37:35.396Z",
      "profit": -0.7525508363005329,
      "exitPrice": 104910.9,
      "duration": 44.855,
      "margin": 8.275962346069042,
      "percentProfit": -9.093212424510163,
      "fee": 0.8275962346069042,
      "percentFee": 10,
      "balanceBefore": 82.75962346069042,
      "balanceAfter": 85.61681098131514
    },
    {
      "id": "0e5570ac-8ec8-42d5-be50-1712c20e1a14",
      "indicator": "eci_longE",
      "type": "buy",
      "symbol": "BTCUSDT",
      "price": 104812.14,
      "quantity": 0.010210745981013642,
      "leverage": 125,
      "stopLoss": null,
      "takeProfit": null,
      "realTrade": true,
      "startTime": "2025-01-19T21:37:41.219Z",
      "endTime": "2025-01-19T21:37:53.515Z",
      "profit": -1.0338350898827293,
      "exitPrice": 104794.74,
      "duration": 12.296,
      "margin": 8.561681098131514,
      "percentProfit": -12.07514129565456,
      "fee": 0.8561681098131514,
      "percentFee": 10,
      "balanceBefore": 85.61681098131514,
      "balanceAfter": 84.58297589143241
    },
    {
      "id": "4fabbe9e-c220-4107-9f16-d00f811e75dd",
      "indicator": "eci_longE",
      "type": "buy",
      "symbol": "BTCUSDT",
      "price": 104000,
      "quantity": 0.010166223063874089,
      "leverage": 125,
      "stopLoss": null,
      "takeProfit": null,
      "realTrade": true,
      "startTime": "2025-01-19T21:48:14.893Z",
      "endTime": "2025-01-19T21:49:57.751Z",
      "profit": -2.3336565043123563,
      "exitPrice": 103853.65,
      "duration": 102.858,
      "margin": 8.45829758914324,
      "percentProfit": -27.590144230769937,
      "fee": 0.8458297589143242,
      "percentFee": 10.000000000000002,
      "balanceBefore": 84.58297589143241,
      "balanceAfter": 82.24931938712005
    },
    {
      "id": "27c43a27-fb18-4246-a082-32ff592e47be",
      "indicator": "eci_longE",
      "type": "buy",
      "symbol": "BTCUSDT",
      "price": 103920.1,
      "quantity": 0.010174039465347947,
      "leverage": 125,
      "stopLoss": null,
      "takeProfit": null,
      "realTrade": true,
      "startTime": "2025-01-19T21:49:20.697Z",
      "endTime": "2025-01-19T21:49:57.818Z",
      "profit": -1.5218946813868137,
      "exitPrice": 103853.65,
      "duration": 37.121,
      "margin": 8.45829758914324,
      "percentProfit": -17.992919560317453,
      "fee": 0.8458297589143242,
      "percentFee": 10.000000000000002,
      "balanceBefore": 84.58297589143241,
      "balanceAfter": 80.72742470573324
    },
    {
      "id": "30d184ea-4660-4458-a0d2-2807e6cd393b",
      "indicator": "eci_longE",
      "type": "buy",
      "symbol": "BTCUSDT",
      "price": 103931.71,
      "quantity": 0.009709190860245303,
      "leverage": 125,
      "stopLoss": null,
      "takeProfit": null,
      "realTrade": true,
      "startTime": "2025-01-19T21:50:16.845Z",
      "endTime": "2025-01-19T21:59:03.042Z",
      "profit": -0.9097062106329487,
      "exitPrice": 103921.16,
      "duration": 526.197,
      "margin": 8.072742470573324,
      "percentProfit": -11.26886202488188,
      "fee": 0.8072742470573324,
      "percentFee": 10,
      "balanceBefore": 80.72742470573324,
      "balanceAfter": 79.8177184951003
    },
    {
      "id": "7fbb1dde-9239-4066-bab3-d0915bdee4b8",
      "indicator": "eci_longE",
      "type": "buy",
      "symbol": "BTCUSDT",
      "price": 104002.81,
      "quantity": 0.009702553313912052,
      "leverage": 125,
      "stopLoss": null,
      "takeProfit": null,
      "realTrade": true,
      "startTime": "2025-01-19T21:52:50.903Z",
      "endTime": "2025-01-19T21:59:03.120Z",
      "profit": -1.599487725138195,
      "exitPrice": 103921.16,
      "duration": 372.217,
      "margin": 8.072742470573324,
      "percentProfit": -19.813436771563453,
      "fee": 0.8072742470573324,
      "percentFee": 10,
      "balanceBefore": 80.72742470573324,
      "balanceAfter": 78.2182307699621
    },
    {
      "id": "1838b0fb-a2d8-402f-91c5-f47c3850b596",
      "indicator": "eci_longE",
      "type": "buy",
      "symbol": "BTCUSDT",
      "price": 104071.84,
      "quantity": 0.009696117689681143,
      "leverage": 125,
      "stopLoss": null,
      "takeProfit": null,
      "realTrade": true,
      "startTime": "2025-01-19T21:56:53.596Z",
      "endTime": "2025-01-19T21:59:03.189Z",
      "profit": -2.268285260538419,
      "exitPrice": 103921.16,
      "duration": 129.593,
      "margin": 8.072742470573324,
      "percentProfit": -28.098075329502315,
      "fee": 0.8072742470573324,
      "percentFee": 10,
      "balanceBefore": 80.72742470573324,
      "balanceAfter": 75.94994550942369
    },
    {
      "id": "584badcb-ca37-4f5d-9152-0527756da570",
      "indicator": "eci_longE",
      "type": "buy",
      "symbol": "BTCUSDT",
      "price": 103548.74,
      "quantity": 0.009168381178445976,
      "leverage": 125,
      "stopLoss": null,
      "takeProfit": null,
      "realTrade": true,
      "startTime": "2025-01-19T22:01:37.458Z",
      "endTime": null,
      "profit": null,
      "exitPrice": null,
      "duration": null,
      "margin": 7.594994550942369,
      "percentProfit": null,
      "fee": null,
      "percentFee": null,
      "balanceBefore": 75.94994550942369,
      "balanceAfter": null
    },
    {
      "id": "d81e056d-e65f-416b-b57b-aaba91d01261",
      "indicator": "eci_longE",
      "type": "buy",
      "symbol": "BTCUSDT",
      "price": 103472.76,
      "quantity": 0.009175113516521605,
      "leverage": 125,
      "stopLoss": null,
      "takeProfit": null,
      "realTrade": true,
      "startTime": "2025-01-19T22:02:32.877Z",
      "endTime": null,
      "profit": null,
      "exitPrice": null,
      "duration": null,
      "margin": 7.594994550942369,
      "percentProfit": null,
      "fee": null,
      "percentFee": null,
      "balanceBefore": 75.94994550942369,
      "balanceAfter": null
    },
    {
      "id": "9042a062-142a-46b0-87e7-972c6ae3fc6e",
      "indicator": "eci_longE",
      "type": "buy",
      "symbol": "BTCUSDT",
      "price": 103647.74,
      "quantity": 0.009159623922989503,
      "leverage": 125,
      "stopLoss": null,
      "takeProfit": null,
      "realTrade": true,
      "startTime": "2025-01-19T22:03:53.117Z",
      "endTime": null,
      "profit": null,
      "exitPrice": null,
      "duration": null,
      "margin": 7.594994550942369,
      "percentProfit": null,
      "fee": null,
      "percentFee": null,
      "balanceBefore": 75.94994550942369,
      "balanceAfter": null
    }
  ],
  "statistics": {
    "totalTrades": 19,
    "wins": 2,
    "losses": 17,
    "winRate": 10.526315789473683,
    "totalProfit": -24.0500544905763,
    "avgWin": 1.9910314229686015,
    "avgLoss": -1.6489480786184412,
    "totalPercentProfit": -257.4327374571818,
    "avgPercentProfit": -13.549091445114833,
    "avgDuration": 170.5746875,
    "totalFees": 14.122103948897257,
    "avgFee": 0.7432686288893293,
    "initialBalance": 100,
    "currentBalance": 75.94994550942369,
    "maxBalance": 100,
    "minBalance": 75.94994550942369,
    "totalUsedMargin": 0
  },
  "settings": {
    "initialBalance": 100,
    "currentBalance": 75.94994550942369,
    "tradePercent": 10,
    "leverage": 125,
    "marginUsagePercent": 0,
    "maxBalance": 100,
    "minBalance": 75.94994550942369,
    "totalTrades": 0,
    "totalProfit": 0,
    "totalFees": 0
  }
}
