{
  "tradeHistory": [
    {
      "id": "4df65a47-8dac-4746-afec-4329a0b7d0e2",
      "type": "sell",
      "symbol": "BTCUSDT",
      "price": 100009.0175,
      "quantity": 0.01,
      "leverage": 125,
      "stopLoss": 0,
      "startTime": "2024-12-08T22:25:17.995Z",
      "endTime": "2024-12-08T22:48:18.128Z",
      "profit": -0.20830000000001747,
      "exitPrice": 100029.8475,
      "duration": 1380.133,
      "margin": 8.0007214,
      "percentProfit": -2.6035152280145324
    },
    {
      "id": "89516829-3ef5-451e-9e86-9d77c79f0ee4",
      "type": "buy",
      "symbol": "BTCUSDT",
      "price": 100029.8475,
      "quantity": 0.01,
      "leverage": 125,
      "stopLoss": 0,
      "startTime": "2024-12-08T22:48:18.141Z",
      "endTime": "2024-12-08T23:06:19.234Z",
      "profit": 1.0719499999999245,
      "exitPrice": 100137.0425,
      "duration": 1081.093,
      "margin": 8.002387800000001,
      "percentProfit": 13.395376814904225
    },
    {
      "id": "71af1e3b-ddca-45fd-9e35-513a2d49f5c9",
      "type": "sell",
      "symbol": "BTCUSDT",
      "price": 100137.0425,
      "quantity": 0.01,
      "leverage": 125,
      "stopLoss": 0,
      "startTime": "2024-12-08T23:06:19.244Z",
      "endTime": "2024-12-08T23:10:18.233Z",
      "profit": -0.8334750000000349,
      "exitPrice": 100220.39,
      "duration": 238.989,
      "margin": 8.0109634,
      "percentProfit": -10.404179352511273
    },
    {
      "id": "8eb7ad0a-bb48-4ae1-b076-dc5367f07c7b",
      "type": "buy",
      "symbol": "BTCUSDT",
      "price": 100220.39,
      "quantity": 0.01,
      "leverage": 125,
      "stopLoss": 0,
      "startTime": "2024-12-08T23:10:18.246Z",
      "endTime": "2024-12-08T23:31:20.429Z",
      "profit": 1.818125,
      "exitPrice": 100402.2025,
      "duration": 1262.183,
      "margin": 8.0176312,
      "percentProfit": 22.67658557305554
    },
    {
      "id": "04a784f3-86c5-4cf1-920b-e4156c8dd41b",
      "type": "sell",
      "symbol": "BTCUSDT",
      "price": 100402.2025,
      "quantity": 0.01,
      "leverage": 125,
      "stopLoss": 0,
      "startTime": "2024-12-08T23:31:20.436Z",
      "endTime": "2024-12-08T23:49:18.387Z",
      "profit": -1.946750000000029,
      "exitPrice": 100596.8775,
      "duration": 1077.951,
      "margin": 8.0321762,
      "percentProfit": -24.2368936079867
    },
    {
      "id": "f5ad275b-c98d-4953-88ba-5ece63deb7ee",
      "type": "buy",
      "symbol": "BTCUSDT",
      "price": 100596.8775,
      "quantity": 0.01,
      "leverage": 125,
      "stopLoss": 0,
      "startTime": "2024-12-08T23:49:18.396Z",
      "endTime": "2024-12-09T00:04:18.478Z",
      "profit": 4.105599999999977,
      "exitPrice": 101007.4375,
      "duration": 900.082,
      "margin": 8.047750200000001,
      "percentProfit": 51.015499959230546
    },
    {
      "id": "d368066d-f2e9-4b67-b5ce-537f1cc1d13a",
      "type": "sell",
      "symbol": "BTCUSDT",
      "price": 101007.4375,
      "quantity": 0.01,
      "leverage": 125,
      "stopLoss": 0,
      "startTime": "2024-12-09T00:04:18.489Z",
      "endTime": "2024-12-09T01:04:18.715Z",
      "profit": 13.200375000000058,
      "exitPrice": 99687.4,
      "duration": 3600.226,
      "margin": 8.080595,
      "percentProfit": 163.35894819626594
    },
    {
      "id": "3fc8c882-6af2-4b6b-9a07-a2f3024078b9",
      "type": "buy",
      "symbol": "BTCUSDT",
      "price": 99687.4,
      "quantity": 0.01,
      "leverage": 125,
      "stopLoss": 0,
      "startTime": "2024-12-09T01:04:18.738Z",
      "endTime": "2024-12-09T01:16:20.338Z",
      "profit": -1.011424999999872,
      "exitPrice": 99586.2575,
      "duration": 721.6,
      "margin": 7.974991999999999,
      "percentProfit": -12.682457863279009
    },
    {
      "id": "c4e16ebd-0623-46a3-9b09-e3f64ab59baa",
      "type": "sell",
      "symbol": "BTCUSDT",
      "price": 99586.2575,
      "quantity": 0.01,
      "leverage": 125,
      "stopLoss": 0,
      "startTime": "2024-12-09T01:16:20.349Z",
      "endTime": "2024-12-09T01:19:18.753Z",
      "profit": -0.09277499999996508,
      "exitPrice": 99595.535,
      "duration": 178.404,
      "margin": 7.966900600000001,
      "percentProfit": -1.1645055543929477
    },
    {
      "id": "a9d192e0-3aad-4b1c-885c-d13e68f303a5",
      "type": "buy",
      "symbol": "BTCUSDT",
      "price": 99595.535,
      "quantity": 0.01,
      "leverage": 125,
      "stopLoss": 0,
      "startTime": "2024-12-09T01:19:18.764Z",
      "endTime": "2024-12-09T01:21:19.536Z",
      "profit": -0.8033500000000641,
      "exitPrice": 99515.2,
      "duration": 120.772,
      "margin": 7.9676428,
      "percentProfit": -10.082655813838242
    },
    {
      "id": "ac38739e-1ce7-49f9-95f5-68ac8e7c7832",
      "type": "sell",
      "symbol": "BTCUSDT",
      "price": 99515.2,
      "quantity": 0.01,
      "leverage": 125,
      "stopLoss": 0,
      "startTime": "2024-12-09T01:21:19.551Z",
      "endTime": "2024-12-09T01:23:18.571Z",
      "profit": -0.4876499999999942,
      "exitPrice": 99563.965,
      "duration": 119.02,
      "margin": 7.961216,
      "percentProfit": -6.125320554045942
    },
    {
      "id": "1da08137-c282-437e-859d-50d3f732c0f2",
      "type": "buy",
      "symbol": "BTCUSDT",
      "price": 99563.965,
      "quantity": 0.01,
      "leverage": 125,
      "stopLoss": 0,
      "startTime": "2024-12-09T01:23:18.586Z",
      "endTime": "2024-12-09T01:44:18.709Z",
      "profit": 0.15184999999997673,
      "exitPrice": 99579.15,
      "duration": 1260.123,
      "margin": 7.9651172,
      "percentProfit": 1.9064377357809212
    },
    {
      "id": "092d8d5e-bbc7-4fb0-a9e0-a687abc96165",
      "type": "sell",
      "symbol": "BTCUSDT",
      "price": 99579.15,
      "quantity": 0.01,
      "leverage": 125,
      "stopLoss": 0,
      "startTime": "2024-12-09T01:44:18.752Z",
      "endTime": "2024-12-09T01:59:18.839Z",
      "profit": 0.6589749999999185,
      "exitPrice": 99513.2525,
      "duration": 900.087,
      "margin": 7.9663319999999995,
      "percentProfit": 8.27200021289495
    },
    {
      "id": "fe800205-703c-4df6-83b4-f3e06237db7a",
      "type": "buy",
      "symbol": "BTCUSDT",
      "price": 99513.2525,
      "quantity": 0.01,
      "leverage": 125,
      "stopLoss": 0,
      "startTime": "2024-12-09T01:59:18.851Z",
      "endTime": "2024-12-09T02:05:18.698Z",
      "profit": -0.582850000000035,
      "exitPrice": 99454.9675,
      "duration": 359.847,
      "margin": 7.9610602,
      "percentProfit": -7.321261055154876
    },
    {
      "id": "f8cc124d-a420-4559-ae23-8940d7ef7109",
      "type": "sell",
      "symbol": "BTCUSDT",
      "price": 99454.9675,
      "quantity": 0.01,
      "leverage": 125,
      "stopLoss": 0,
      "startTime": "2024-12-09T02:05:18.714Z",
      "endTime": "2024-12-09T02:09:18.720Z",
      "profit": -1.2164250000000174,
      "exitPrice": 99576.61,
      "duration": 240.006,
      "margin": 7.9563974,
      "percentProfit": -15.288640559859633
    },
    {
      "id": "ad36b7ad-5220-4e51-aca5-617bb3ab9529",
      "type": "buy",
      "symbol": "BTCUSDT",
      "price": 99576.61,
      "quantity": 0.01,
      "leverage": 125,
      "stopLoss": 0,
      "startTime": "2024-12-09T02:09:18.730Z",
      "endTime": "2024-12-09T02:21:19.216Z",
      "profit": -1.2255500000000756,
      "exitPrice": 99454.055,
      "duration": 720.486,
      "margin": 7.966128800000001,
      "percentProfit": -15.384511483169536
    },
    {
      "id": "ec6aa455-b4b4-4302-8d57-364d72727593",
      "type": "sell",
      "symbol": "BTCUSDT",
      "price": 99454.055,
      "quantity": 0.01,
      "leverage": 125,
      "stopLoss": 0,
      "startTime": "2024-12-09T02:21:19.225Z",
      "endTime": "2024-12-09T03:01:21.845Z",
      "profit": 2.569574999999895,
      "exitPrice": 99197.0975,
      "duration": 2402.62,
      "margin": 7.9563244,
      "percentProfit": 32.29600592957089
    },
    {
      "id": "d60d2a0e-e244-4041-93ec-80573593062c",
      "type": "buy",
      "symbol": "BTCUSDT",
      "price": 99197.0975,
      "quantity": 0.01,
      "leverage": 125,
      "stopLoss": 0,
      "startTime": "2024-12-09T03:01:21.856Z",
      "endTime": "2024-12-09T03:21:19.144Z",
      "profit": -0.3923000000001048,
      "exitPrice": 99157.8675,
      "duration": 1197.288,
      "margin": 7.935767800000001,
      "percentProfit": -4.943441011468415
    },
    {
      "id": "8e9db8b5-48a3-48d9-8773-691e6186179b",
      "type": "sell",
      "symbol": "BTCUSDT",
      "price": 99157.8675,
      "quantity": 0.01,
      "leverage": 125,
      "stopLoss": 0,
      "startTime": "2024-12-09T03:21:19.153Z",
      "endTime": "2024-12-09T03:34:18.976Z",
      "profit": 0.4160999999998603,
      "exitPrice": 99116.2575,
      "duration": 779.823,
      "margin": 7.9326294,
      "percentProfit": 5.245423415341454
    },
    {
      "id": "49fc424f-2b52-4764-a201-6add74f83321",
      "type": "buy",
      "symbol": "BTCUSDT",
      "price": 99116.2575,
      "quantity": 0.01,
      "leverage": 125,
      "stopLoss": 0,
      "startTime": "2024-12-09T03:34:18.993Z",
      "endTime": "2024-12-09T03:36:19.295Z",
      "profit": -0.574825000000128,
      "exitPrice": 99058.775,
      "duration": 120.302,
      "margin": 7.9293006,
      "percentProfit": -7.249378337354597
    },
    {
      "id": "45a3d6dc-f6d5-4f07-8283-1a7f7c144bb3",
      "type": "sell",
      "symbol": "BTCUSDT",
      "price": 99058.775,
      "quantity": 0.01,
      "leverage": 125,
      "stopLoss": 0,
      "startTime": "2024-12-09T03:36:19.310Z",
      "endTime": "2024-12-09T04:01:25.022Z",
      "profit": -0.18930000000007569,
      "exitPrice": 99077.705,
      "duration": 1505.712,
      "margin": 7.924701999999999,
      "percentProfit": -2.388733355526501
    },
    {
      "id": "822faf7c-bf18-4491-9b96-2576ae6f6017",
      "type": "buy",
      "symbol": "BTCUSDT",
      "price": 99077.705,
      "quantity": 0.01,
      "leverage": 125,
      "stopLoss": 0,
      "startTime": "2024-12-09T04:01:25.031Z",
      "endTime": "2024-12-09T04:22:19.231Z",
      "profit": 0.17764999999999417,
      "exitPrice": 99095.47,
      "duration": 1254.2,
      "margin": 7.9262164,
      "percentProfit": 2.2412963643030763
    },
    {
      "id": "27f1adfe-7252-45f3-a1ee-a285c49200aa",
      "type": "sell",
      "symbol": "BTCUSDT",
      "price": 99095.47,
      "quantity": 0.01,
      "leverage": 125,
      "stopLoss": 0,
      "startTime": "2024-12-09T04:22:19.239Z",
      "endTime": "2024-12-09T08:22:18.532Z",
      "profit": -5.518025000000052,
      "exitPrice": 99647.2725,
      "duration": 14399.293,
      "margin": 7.9276376,
      "percentProfit": -69.60490979052892
    },
    {
      "id": "91b435ea-0808-46bf-b60c-7a8db8d87af8",
      "type": "sell",
      "symbol": "BTCUSDT",
      "price": 99522.71,
      "quantity": 0.01,
      "leverage": 125,
      "stopLoss": 0,
      "startTime": "2024-12-09T08:05:18.994Z",
      "endTime": "2024-12-09T09:20:18.653Z",
      "profit": 5.310725000000093,
      "exitPrice": 98991.6375,
      "duration": 4499.659,
      "margin": 7.9618168,
      "percentProfit": 66.70242651149789
    },
    {
      "id": "1fb7b862-93a4-47b0-a345-20a6ea0af963",
      "type": "buy",
      "symbol": "BTCUSDT",
      "price": 99647.2725,
      "quantity": 0.01,
      "leverage": 125,
      "stopLoss": 0,
      "startTime": "2024-12-09T08:22:18.548Z",
      "endTime": "2024-12-09T08:24:18.454Z",
      "profit": -0.6216750000001048,
      "exitPrice": 99585.105,
      "duration": 119.906,
      "margin": 7.9717818000000005,
      "percentProfit": -7.798444759239456
    },
    {
      "id": "4846d1a6-71e5-42a1-95a2-9883c4fcddfc",
      "type": "sell",
      "symbol": "BTCUSDT",
      "price": 99585.105,
      "quantity": 0.01,
      "leverage": 125,
      "stopLoss": 0,
      "startTime": "2024-12-09T08:24:18.472Z",
      "endTime": "2024-12-09T09:47:18.874Z",
      "profit": 8.55875,
      "exitPrice": 98729.23,
      "duration": 4980.402,
      "margin": 7.9668084,
      "percentProfit": 107.43009710136873
    },
    {
      "id": "48b80c01-633c-434b-8d77-71fdcfe9fd6c",
      "type": "buy",
      "symbol": "BTCUSDT",
      "price": 98991.6375,
      "quantity": 0.01,
      "leverage": 125,
      "stopLoss": 0,
      "startTime": "2024-12-09T09:20:18.665Z",
      "endTime": "2024-12-09T09:22:18.961Z",
      "profit": -1.904850000000006,
      "exitPrice": 98801.1525,
      "duration": 120.296,
      "margin": 7.919331000000001,
      "percentProfit": -24.053168127459323
    },
    {
      "id": "5e1f2022-1c82-435d-bcbf-62cd23b454b3",
      "type": "sell",
      "symbol": "BTCUSDT",
      "price": 98801.1525,
      "quantity": 0.01,
      "leverage": 125,
      "stopLoss": 0,
      "startTime": "2024-12-09T09:22:18.976Z",
      "endTime": "2024-12-09T09:59:18.860Z",
      "profit": 1.7384249999999883,
      "exitPrice": 98627.31,
      "duration": 2219.884,
      "margin": 7.9040922,
      "percentProfit": 21.993986861640966
    },
    {
      "id": "ff0bc65c-c72a-46fd-864c-f906797d85e7",
      "type": "buy",
      "symbol": "BTCUSDT",
      "price": 98729.23,
      "quantity": 0.01,
      "leverage": 125,
      "stopLoss": 0,
      "startTime": "2024-12-09T09:47:18.882Z",
      "endTime": "2024-12-09T09:55:18.865Z",
      "profit": -1.6883749999999418,
      "exitPrice": 98560.3925,
      "duration": 479.983,
      "margin": 7.898338399999999,
      "percentProfit": -21.376331507902243
    },
    {
      "id": "644c7392-7dd7-4753-900a-1942241e33ab",
      "type": "sell",
      "symbol": "BTCUSDT",
      "price": 98560.3925,
      "quantity": 0.01,
      "leverage": 125,
      "stopLoss": 0,
      "startTime": "2024-12-09T09:55:18.888Z",
      "endTime": "2024-12-09T10:11:20.476Z",
      "profit": 0.4845750000000408,
      "exitPrice": 98511.935,
      "duration": 961.588,
      "margin": 7.8848314,
      "percentProfit": 6.145660895171972
    },
    {
      "id": "69a50ec2-cbcc-4416-b1ff-c3f3b9cb559d",
      "type": "buy",
      "symbol": "BTCUSDT",
      "price": 98627.31,
      "quantity": 0.01,
      "leverage": 125,
      "stopLoss": 0,
      "startTime": "2024-12-09T09:59:18.883Z",
      "endTime": "2024-12-09T10:01:24.677Z",
      "profit": -1.8626499999999941,
      "exitPrice": 98441.045,
      "duration": 125.794,
      "margin": 7.8901848,
      "percentProfit": -23.607178376861263
    },
    {
      "id": "7e30803a-793f-456b-8a03-ab070d27a7df",
      "type": "sell",
      "symbol": "BTCUSDT",
      "price": 98441.045,
      "quantity": 0.01,
      "leverage": 125,
      "stopLoss": 0,
      "startTime": "2024-12-09T10:01:24.694Z",
      "endTime": "2024-12-09T10:24:18.818Z",
      "profit": 0.12832500000004074,
      "exitPrice": 98428.2125,
      "duration": 1374.124,
      "margin": 7.8752835999999995,
      "percentProfit": 1.629465128088095
    },
    {
      "id": "a781ad70-5c5b-4e7e-9706-849e75c5b7d7",
      "type": "buy",
      "symbol": "BTCUSDT",
      "price": 98511.935,
      "quantity": 0.01,
      "leverage": 125,
      "stopLoss": 0,
      "startTime": "2024-12-09T10:11:20.483Z",
      "endTime": "2024-12-09T10:23:18.836Z",
      "profit": -1.291149999999907,
      "exitPrice": 98382.82,
      "duration": 718.353,
      "margin": 7.8809548000000005,
      "percentProfit": -16.383167176645994
    },
    {
      "id": "66ff049b-1b88-4173-aca3-5c36a0f4b7c1",
      "type": "sell",
      "symbol": "BTCUSDT",
      "price": 98382.82,
      "quantity": 0.01,
      "leverage": 125,
      "stopLoss": 0,
      "startTime": "2024-12-09T10:23:18.845Z",
      "endTime": "2024-12-09T10:35:18.949Z",
      "profit": -0.37784999999988944,
      "exitPrice": 98420.605,
      "duration": 720.104,
      "margin": 7.8706256,
      "percentProfit": -4.80076196230055
    },
    {
      "id": "0a83f0d0-72cf-42ce-9fb2-7cfb45b2257c",
      "type": "buy",
      "symbol": "BTCUSDT",
      "price": 98428.2125,
      "quantity": 0.01,
      "leverage": 125,
      "stopLoss": 0,
      "startTime": "2024-12-09T10:24:18.827Z",
      "endTime": "2024-12-09T10:26:18.861Z",
      "profit": -0.8728250000000116,
      "exitPrice": 98340.93,
      "duration": 120.034,
      "margin": 7.874256999999999,
      "percentProfit": -11.084537880844017
    },
    {
      "id": "e5953261-7bad-41d0-a766-75528b3a8c5e",
      "type": "sell",
      "symbol": "BTCUSDT",
      "price": 98340.93,
      "quantity": 0.01,
      "leverage": 125,
      "stopLoss": 0,
      "startTime": "2024-12-09T10:26:18.871Z",
      "endTime": "2024-12-09T10:53:19.116Z",
      "profit": -2.439725000000035,
      "exitPrice": 98584.9025,
      "duration": 1620.245,
      "margin": 7.8672743999999994,
      "percentProfit": -31.011057654224377
    },
    {
      "id": "d4400c16-2504-48f5-a3e1-2a209f800128",
      "type": "buy",
      "symbol": "BTCUSDT",
      "price": 98420.605,
      "quantity": 0.01,
      "leverage": 125,
      "stopLoss": 0,
      "startTime": "2024-12-09T10:35:18.965Z",
      "endTime": "2024-12-09T10:49:19.316Z",
      "profit": -0.26014999999999416,
      "exitPrice": 98394.59,
      "duration": 840.351,
      "margin": 7.8736484,
      "percentProfit": -3.3040591449320265
    },
    {
      "id": "7b654e1f-6f0b-4457-b8d4-de100f82fe8c",
      "type": "sell",
      "symbol": "BTCUSDT",
      "price": 98394.59,
      "quantity": 0.01,
      "leverage": 125,
      "stopLoss": 0,
      "startTime": "2024-12-09T10:49:19.330Z",
      "endTime": "2024-12-09T11:58:19.112Z",
      "profit": 1.976374999999971,
      "exitPrice": 98196.9525,
      "duration": 4139.782,
      "margin": 7.871567199999999,
      "percentProfit": 25.10777015280986
    },
    {
      "id": "4d09602c-1d8a-4e21-aca9-35c7844903a8",
      "type": "buy",
      "symbol": "BTCUSDT",
      "price": 98584.9025,
      "quantity": 0.01,
      "leverage": 125,
      "stopLoss": 0,
      "startTime": "2024-12-09T10:53:19.130Z",
      "endTime": "2024-12-09T11:06:19.586Z",
      "profit": -0.03514999999999418,
      "exitPrice": 98581.3875,
      "duration": 780.456,
      "margin": 7.8867921999999995,
      "percentProfit": -0.4456818324691524
    },
    {
      "id": "95852558-c606-484d-9c84-6aa8d86ec8c8",
      "type": "sell",
      "symbol": "BTCUSDT",
      "price": 98581.3875,
      "quantity": 0.01,
      "leverage": 125,
      "stopLoss": 0,
      "startTime": "2024-12-09T11:06:19.606Z",
      "endTime": "2024-12-09T12:07:19.379Z",
      "profit": 3.399725000000035,
      "exitPrice": 98241.415,
      "duration": 3659.773,
      "margin": 7.886511,
      "percentProfit": 43.108099386408455
    },
    {
      "id": "5b1e1c6b-9373-4abb-a8d7-207fd85bf549",
      "type": "buy",
      "symbol": "BTCUSDT",
      "price": 98196.9525,
      "quantity": 0.01,
      "leverage": 125,
      "stopLoss": 0,
      "startTime": "2024-12-09T11:58:19.124Z",
      "endTime": "2024-12-09T12:02:19.533Z",
      "profit": -1.2587750000000233,
      "exitPrice": 98071.075,
      "duration": 240.409,
      "margin": 7.8557562,
      "percentProfit": -16.02360063057995
    },
    {
      "id": "fc6ee1f6-3ffe-46a1-a5bc-26f1649092cb",
      "type": "sell",
      "symbol": "BTCUSDT",
      "price": 98071.075,
      "quantity": 0.01,
      "leverage": 125,
      "stopLoss": 0,
      "startTime": "2024-12-09T12:02:19.544Z",
      "endTime": "2024-12-09T12:21:20.053Z",
      "profit": -3.0034500000000115,
      "exitPrice": 98371.42,
      "duration": 1140.509,
      "margin": 7.845686,
      "percentProfit": -38.28154733696979
    },
    {
      "id": "3a557e18-2e1a-4906-b456-96cd0b3db419",
      "type": "buy",
      "symbol": "BTCUSDT",
      "price": 98241.415,
      "quantity": 0.01,
      "leverage": 125,
      "stopLoss": 0,
      "startTime": "2024-12-09T12:07:19.388Z",
      "endTime": "2024-12-09T12:19:19.222Z",
      "profit": -0.6228249999998662,
      "exitPrice": 98179.1325,
      "duration": 719.834,
      "margin": 7.8593132,
      "percentProfit": -7.9246746395075105
    },
    {
      "id": "bae8b21f-bf3d-469d-81da-0391f7704db2",
      "type": "sell",
      "symbol": "BTCUSDT",
      "price": 98179.1325,
      "quantity": 0.01,
      "leverage": 125,
      "stopLoss": 0,
      "startTime": "2024-12-09T12:19:19.237Z",
      "endTime": "2024-12-09T12:45:19.300Z",
      "profit": -2.600799999999872,
      "exitPrice": 98439.2125,
      "duration": 1560.063,
      "margin": 7.854330600000001,
      "percentProfit": -33.112942813991964
    },
    {
      "id": "7074901d-1a4d-4c08-8806-27d4d57c1777",
      "type": "buy",
      "symbol": "BTCUSDT",
      "price": 98371.42,
      "quantity": 0.01,
      "leverage": 125,
      "stopLoss": 0,
      "startTime": "2024-12-09T12:21:20.071Z",
      "endTime": "2024-12-09T12:38:19.346Z",
      "profit": 0.44497499999997675,
      "exitPrice": 98415.9175,
      "duration": 1019.275,
      "margin": 7.8697136,
      "percentProfit": 5.654271840337071
    },
    {
      "id": "2dffff3d-f6ef-4510-b55a-da6e7810fe7e",
      "type": "sell",
      "symbol": "BTCUSDT",
      "price": 98415.9175,
      "quantity": 0.01,
      "leverage": 125,
      "stopLoss": 0,
      "startTime": "2024-12-09T12:38:19.361Z",
      "endTime": "2024-12-09T12:59:19.593Z",
      "profit": -1.6620500000000176,
      "exitPrice": 98582.1225,
      "duration": 1260.232,
      "margin": 7.8732734,
      "percentProfit": -21.110025215179466
    },
    {
      "id": "0ded60ee-3d08-42bd-9d3a-368f3ddc130a",
      "type": "buy",
      "symbol": "BTCUSDT",
      "price": 98439.2125,
      "quantity": 0.01,
      "leverage": 125,
      "stopLoss": 0,
      "startTime": "2024-12-09T12:45:19.309Z",
      "endTime": "2024-12-09T12:46:20.386Z",
      "profit": -0.2752999999999884,
      "exitPrice": 98411.6825,
      "duration": 61.077,
      "margin": 7.875137,
      "percentProfit": -3.495812199838408
    },
    {
      "id": "c3648e3c-f1e8-405b-acb9-9d53ecca7f1c",
      "type": "sell",
      "symbol": "BTCUSDT",
      "price": 98411.6825,
      "quantity": 0.01,
      "leverage": 125,
      "stopLoss": 0,
      "startTime": "2024-12-09T12:46:20.395Z",
      "endTime": "2024-12-09T13:20:19.538Z",
      "profit": -3.545975000000035,
      "exitPrice": 98766.28,
      "duration": 2039.143,
      "margin": 7.8729346,
      "percentProfit": -45.04006676239931
    },
    {
      "id": "c30a1f3d-7e7f-46dd-96b4-d5eadcabbc89",
      "type": "buy",
      "symbol": "BTCUSDT",
      "price": 98582.1225,
      "quantity": 0.01,
      "leverage": 125,
      "stopLoss": 0,
      "startTime": "2024-12-09T12:59:19.611Z",
      "endTime": "2024-12-09T13:05:19.718Z",
      "profit": -1.9897749999999361,
      "exitPrice": 98383.145,
      "duration": 360.107,
      "margin": 7.8865698,
      "percentProfit": -25.22991681377037
    },
    {
      "id": "4546fc9c-1b2d-48ad-86a6-d3500c3b10f9",
      "type": "sell",
      "symbol": "BTCUSDT",
      "price": 98383.145,
      "quantity": 0.01,
      "leverage": 125,
      "stopLoss": 0,
      "startTime": "2024-12-09T13:05:19.728Z",
      "endTime": "2024-12-09T13:51:20.583Z",
      "profit": -7.46909999999989,
      "exitPrice": 99130.055,
      "duration": 2760.855,
      "margin": 7.8706516,
      "percentProfit": -94.89811491592246
    },
    {
      "id": "69a48c68-7a8c-4fce-ad6c-5609f3dbe3b9",
      "type": "buy",
      "symbol": "BTCUSDT",
      "price": 98766.28,
      "quantity": 0.01,
      "leverage": 125,
      "stopLoss": 0,
      "startTime": "2024-12-09T13:20:19.555Z",
      "endTime": "2024-12-09T13:42:19.527Z",
      "profit": 1.9908250000000407,
      "exitPrice": 98965.3625,
      "duration": 1319.972,
      "margin": 7.9013024000000005,
      "percentProfit": 25.196162597194615
    },
    {
      "id": "60be3317-0df9-47dc-b84f-7f83fa1b73b7",
      "type": "sell",
      "symbol": "BTCUSDT",
      "price": 98965.3625,
      "quantity": 0.01,
      "leverage": 125,
      "stopLoss": 0,
      "startTime": "2024-12-09T13:42:19.550Z",
      "endTime": "2024-12-09T14:13:20.102Z",
      "profit": -2.1418499999999767,
      "exitPrice": 99179.5475,
      "duration": 1860.552,
      "margin": 7.917229,
      "percentProfit": -27.053025749286487
    },
    {
      "id": "e8954ae4-7075-4dcc-86da-0600b419c83f",
      "type": "buy",
      "symbol": "BTCUSDT",
      "price": 99130.055,
      "quantity": 0.01,
      "leverage": 125,
      "stopLoss": 0,
      "startTime": "2024-12-09T13:51:20.596Z",
      "endTime": "2024-12-09T13:54:19.450Z",
      "profit": -0.8934749999998894,
      "exitPrice": 99040.7075,
      "duration": 178.854,
      "margin": 7.9304044,
      "percentProfit": -11.266449413347566
    },
    {
      "id": "44aa2549-813e-4417-848d-1e69069700a3",
      "type": "sell",
      "symbol": "BTCUSDT",
      "price": 99040.7075,
      "quantity": 0.01,
      "leverage": 125,
      "stopLoss": 0,
      "startTime": "2024-12-09T13:54:19.459Z",
      "endTime": "2024-12-09T14:41:22.665Z",
      "profit": -2.9350749999999244,
      "exitPrice": 99334.215,
      "duration": 2823.206,
      "margin": 7.9232566,
      "percentProfit": -37.04379585535478
    },
    {
      "id": "289935ee-a396-4e76-93cd-8ea5454d2fd9",
      "type": "buy",
      "symbol": "BTCUSDT",
      "price": 99179.5475,
      "quantity": 0.01,
      "leverage": 125,
      "stopLoss": 0,
      "startTime": "2024-12-09T14:13:20.115Z",
      "endTime": "2024-12-09T14:15:19.830Z",
      "profit": -0.5025500000000466,
      "exitPrice": 99129.2925,
      "duration": 119.715,
      "margin": 7.9343638,
      "percentProfit": -6.333841158128477
    },
    {
      "id": "3130ca0f-4ba2-47e0-97c8-00c6bc122f0a",
      "type": "sell",
      "symbol": "BTCUSDT",
      "price": 99129.2925,
      "quantity": 0.01,
      "leverage": 125,
      "stopLoss": 0,
      "startTime": "2024-12-09T14:15:19.842Z",
      "endTime": null,
      "profit": null,
      "exitPrice": null,
      "duration": null,
      "margin": null,
      "percentProfit": null
    },
    {
      "id": "d6e33387-9366-4cbd-a1d0-05c22a647948",
      "type": "buy",
      "symbol": "BTCUSDT",
      "price": 99334.215,
      "quantity": 0.01,
      "leverage": 125,
      "stopLoss": 0,
      "startTime": "2024-12-09T14:41:22.690Z",
      "endTime": null,
      "profit": null,
      "exitPrice": null,
      "duration": null,
      "margin": null,
      "percentProfit": null
    }
  ],
  "statistics": {
    "totalTrades": 55,
    "wins": 18,
    "losses": 37,
    "winRate": 32.72727272727273,
    "totalProfit": -7.135500000000032,
    "avgWin": 2.677938888888877,
    "avgLoss": -1.4562736842105217,
    "totalPercentProfit": -96.78309081842092,
    "avgPercentProfit": -1.7596925603349258
  },
  "settings": {
    "symbol": "BTCUSDT",
    "balancePercentage": 1
  }
}
