[{"name":"_sp_id.cf1a","value":".1736463987.1.1736464223..c93861cd-363a-4dc6-bf2b-256bb0e09a73..1ee97772-5b04-45ad-8f6a-4b3b92592e01.1736463987613.6","domain":".tradingview.com","path":"/","expires":1771024223.381561,"size":127,"httpOnly":false,"secure":true,"session":false,"sameSite":"None","priority":"Medium","sameParty":false,"sourceScheme":"Secure"},{"name":"device_t","value":"TzR2R0JROjA.vrW07WKtcSt2Sm7BFgCk7iAR74I35cObO2-n-LMsyvs","domain":".tradingview.com","path":"/","expires":1767567985.065987,"size":63,"httpOnly":true,"secure":true,"session":false,"sameSite":"None","priority":"Medium","sameParty":false,"sourceScheme":"Secure"},{"name":"cachec","value":"undefined","domain":".tradingview.com","path":"/","expires":1771023985.283195,"size":15,"httpOnly":false,"secure":false,"session":false,"priority":"Medium","sameParty":false,"sourceScheme":"Secure"},{"name":"etg","value":"undefined","domain":".tradingview.com","path":"/","expires":1771023985.562973,"size":12,"httpOnly":false,"secure":false,"session":false,"priority":"Medium","sameParty":false,"sourceScheme":"Secure"},{"name":"sessionid_sign","value":"v3:wel7K8XAJ2TGgzE7oje9rqhRcMv8Kw2D1+sMj3dDT3A=","domain":".tradingview.com","path":"/","expires":1744499185.066245,"size":61,"httpOnly":true,"secure":true,"session":false,"sameSite":"Lax","priority":"Medium","sameParty":false,"sourceScheme":"Secure"},{"name":"sessionid","value":"yw0pxkaaar4uy0snhq7yhafhi8fan4ur","domain":".tradingview.com","path":"/","expires":1744499185.066198,"size":41,"httpOnly":true,"secure":true,"session":false,"sameSite":"Lax","priority":"Medium","sameParty":false,"sourceScheme":"Secure"},{"name":"_sp_ses.cf1a","value":"*","domain":".tradingview.com","path":"/","expires":1744240223,"size":13,"httpOnly":false,"secure":true,"session":false,"sameSite":"None","priority":"Medium","sameParty":false,"sourceScheme":"Secure"},{"name":"cookiePrivacyPreferenceBannerProduction","value":"ignored","domain":".tradingview.com","path":"/","expires":1771023987.613164,"size":46,"httpOnly":false,"secure":false,"session":false,"priority":"Medium","sameParty":false,"sourceScheme":"Secure"}]
